"ID","Area","Status","Detail"
"SRC01","Source","PASS","node --check passed for 20 backend JS files"
"SRC02","Source","PASS","No suspicious quoted SQL clauses found"
"SRC03","Product","PASS","Managed Product route has no quoted WHERE regression"
"UX01","UX","PASS","No stale Product Archive/deleted-filter text found"
"FE01","Frontend","PASS","npm run lint"
"FE02","Frontend","PASS","npm run build"
"GIT01","Git","PASS","git diff --check"
"DB00","Database","PASS","PostgreSQL container detected rows="
"DB01","Database","PASS","Product list SQL rows=5"
"DB02","Database","PASS","Location master readable rows=5"
"DB03","Database","PASS","Project master readable rows=0"
"DB04","Database","PASS","Inventory core fields rows=5"
"DB05","Database","PASS","Audit table readable rows=5"
"RUN01","Runtime","FAIL","GET /api/health -> 0"
"RUN02","Auth","FAIL","Anonymous /api/auth/me -> 0"
"AUTH01","Auth","FAIL","Admin login -> 0 "
