"Test","Group","Status","Message"
"P01","PRECHECK","PASS","Health remains public -> HTTP 200"
"P02","PRECHECK","PASS","Anonymous /api/auth/me is unauthorized -> HTTP 401, code=AUTH_REQUIRED"
"P03","PRECHECK","PASS","Anonymous Manager API is blocked -> HTTP 401, code=AUTH_REQUIRED"
"P04","PRECHECK","PASS","Public Viewer API remains public -> HTTP 200"
"P05","PRECHECK","PASS","Public Viewer rejects writes -> HTTP 405, code=PUBLIC_VIEWER_READ_ONLY"
"P06","PRECHECK","PASS","Security headers include X-Frame-Options=DENY and nosniff."
"P07","PRECHECK","PASS","X-Powered-By is not exposed."
"P08","PRECHECK","PASS","Database backup created: C:\Users\artid\Desktop\product-manager-scanner\db-backups\pre-full-system-20260928-092457.dump"
"P09","PRECHECK","PASS","current_issue_operation_id exists."
"P10","PRECHECK","PASS","Auth/RBAC tables exist."
"P11","PRECHECK","PASS","Public Viewer read-model views exist."
"P12","PRECHECK","PASS","Viewer DB role can SELECT read model and has no product UPDATE privilege."
"A01","AUTH","PASS","Admin login -> HTTP 200"
"A02","AUTH","PASS","Authenticated /api/auth/me -> HTTP 200"
"A03","AUTH","PASS","Authenticated account role is ADMIN."
"A04","AUTH","PASS","Authenticated DB health -> HTTP 200"
"A05","AUTH","PASS","Session cookie is HttpOnly."
"UI01","UI","PASS","Manager /login SPA route -> HTTP 200"
"UI02","UI","PASS","Manager root SPA route -> HTTP 200"
"UI03","UI","PASS","Public Viewer UI is reachable -> HTTP 200"
"CSV01","CSV","PASS","CSV template contract is exact 12 headers in canonical order."
"CSV02","CSV","PASS","CSV strict auto-map is 12-to-12 with no manual mapping field."
"CSV03","CSV","PASS","CSV file selection performs exact-header check then validation/Preview flow."
"A06","RBAC","PASS","Create temporary Operator -> HTTP 201"
"A07","RBAC","PASS","Create temporary Viewer -> HTTP 201"
"A08","RBAC","PASS","Operator login -> HTTP 200"
"A09","RBAC","PASS","Operator can read inventory -> HTTP 200"
"A10","RBAC","PASS","Operator cannot modify Project master -> HTTP 403, code=READ_ONLY_OR_INSUFFICIENT_ROLE"
"A11","RBAC","PASS","Operator reaches operational write route and application validation -> HTTP 400."
"A12","RBAC","PASS","Viewer login -> HTTP 200"
"A13","RBAC","PASS","Viewer can read inventory -> HTTP 200"
"A14","RBAC","PASS","Viewer cannot write operations -> HTTP 403, code=READ_ONLY_OR_INSUFFICIENT_ROLE"
"A15","RBAC","PASS","Viewer cannot read user administration -> HTTP 403, code=FORBIDDEN"
"PR01","PRODUCT","PASS","Create QA product -> HTTP 201"
"PR02","PRODUCT","PASS","Duplicate brand + part number rejected -> HTTP 409, code=PRODUCT_ALREADY_EXISTS"
"PR03","PRODUCT","PASS","Get product by ID -> HTTP 200"
"PR04","PRODUCT","PASS","Product search returns QA product."
"PR05","PRODUCT","PASS","Update product metadata -> HTTP 200"
"PR06","PRODUCT","PASS","Invalid product ID rejected -> HTTP 400, code=INVALID_PRODUCT_ID"
"L01","LOCATION","PASS","Create location WhA -> HTTP 201"
"L02","LOCATION","PASS","Create location WhB -> HTTP 201"
"L03","LOCATION","PASS","Create location SiteA -> HTTP 201"
"L04","LOCATION","PASS","Create location ServiceA -> HTTP 201"
"L05","LOCATION","PASS","Create location Retired -> HTTP 201"
"L06","LOCATION","PASS","Create location Unused -> HTTP 201"
"L07","LOCATION","PASS","Duplicate location rejected -> HTTP 409, code=LOCATION_ALREADY_EXISTS"
"L08","LOCATION","PASS","Rename unused location -> HTTP 200"
"L09","LOCATION","PASS","Deactivate unused location -> HTTP 200"
"L10","LOCATION","PASS","Inactive location is hidden from normal location list."
"L11","LOCATION","PASS","Management list includes inactive location."
"L12","LOCATION","PASS","Reactivate unused location -> HTTP 200"
"L13","LOCATION","PASS","Delete unused location -> HTTP 200"
"J01","PROJECT","PASS","Create QA project -> HTTP 201"
"J02","PROJECT","PASS","Duplicate project code rejected -> HTTP 409, code=PROJECT_CODE_ALREADY_EXISTS"
"J03","PROJECT","PASS","Edit active project -> HTTP 200"
"J04","PROJECT","PASS","Close unused project -> HTTP 200"
"J05","PROJECT","PASS","Edit metadata while project is CLOSED -> HTTP 200"
"J06","PROJECT","PASS","Editing CLOSED project preserves CLOSED status."
"J07","PROJECT","PASS","Reopen project -> HTTP 200"
"J08","PROJECT","PASS","Create brand-new unused project -> HTTP 201"
"J09","PROJECT","PASS","Hard-delete unused project -> HTTP 200"
"I01","INVENTORY","PASS","Create asset A + RECEIVE -> HTTP 201"
"I04","INVENTORY","PASS","Create asset B + RECEIVE -> HTTP 201"
"I05","INVENTORY","PASS","Create asset C + RECEIVE -> HTTP 201"
"I06","INVENTORY","PASS","Create asset D + RECEIVE -> HTTP 201"
"I02","INVENTORY","PASS","Duplicate serial rejected -> HTTP 409, code=SERIAL_NUMBER_ALREADY_EXISTS"
"I03","INVENTORY","PASS","Invalid warranty range rejected -> HTTP 400, code=INVALID_WARRANTY_RANGE"
"I07","INVENTORY","PASS","Exact serial lookup -> HTTP 200"
"I08","INVENTORY","PASS","New asset has one RECEIVE history row."
"L14","LOCATION","PASS","Rename used location is rejected -> HTTP 409, code=LOCATION_NAME_IN_USE"
"L15","LOCATION","PASS","Code-only edit on used location is allowed -> HTTP 200"
"L16","LOCATION","PASS","Hard-delete used location is rejected -> HTTP 409, code=LOCATION_IN_USE"
"L17","LOCATION","PASS","Deactivate used location -> HTTP 200"
"L18","LOCATION","PASS","Deactivated used location is hidden from operational list."
"L19","LOCATION","PASS","Reactivate used location -> HTTP 200"
"CSV04","CSV","PASS","Bulk validation detects duplicate serials inside CSV batch."
"CSV05","CSV","PASS","Bulk validation rejects invalid receive date."
"CSV06","CSV","PASS","Canonical bulk rows validate 5/5."
"CSV07","CSV","PASS","Bulk import canonical rows -> HTTP 201"
"CSV08","CSV","PASS","All 5 imported rows returned item IDs."
"CSV09","CSV","PASS","Bulk validation rejects serial already stored in DB."
"O01","OPERATIONS","PASS","IN_STOCK asset validates as ISSUE-eligible."
"O02","OPERATIONS","PASS","ISSUE A -> HTTP 201"
"O03","OPERATIONS","PASS","ISSUE sets IN_USE + current_issue_operation_id + project assignment."
"O04","OPERATIONS","PASS","Same clientRequestId is idempotent and returns original operation."
"O05","OPERATIONS","PASS","Legacy direct ISSUE endpoint is blocked -> HTTP 409, code=USE_OPERATION_WORKFLOW"
"O06","OPERATIONS","PASS","RETURN A from ISSUE A -> HTTP 201"
"O07","OPERATIONS","PASS","RETURN clears active assignment and restores IN_STOCK."
"O08","OPERATIONS","PASS","Re-ISSUE A as ISSUE B -> HTTP 201"
"O09","OPERATIONS","PASS","Old ISSUE A cannot return asset assigned to ISSUE B -> HTTP 409, code=SOURCE_OPERATION_ASSIGNMENT_CHANGED"
"O10","OPERATIONS","PASS","Current ISSUE B can return asset -> HTTP 201"
"J10","PROJECT","PASS","ISSUE H into project -> HTTP 201"
"J11","PROJECT","PASS","Close project with active IN_USE asset is blocked -> HTTP 409, code=PROJECT_HAS_ACTIVE_ASSETS"
"O11","OPERATIONS","PASS","Mixed-state bulk ISSUE is rejected atomically -> HTTP 409, code=OPERATION_ITEMS_CHANGED"
"O12","OPERATIONS","PASS","Eligible G remained IN_STOCK after mixed bulk rejection."
"O13","OPERATIONS","PASS","Ineligible H preserved its current ISSUE assignment."
"O14","OPERATIONS","PASS","Rejected mixed bulk operation created no operation row."
"C01","CLAIM","PASS","CLAIM H from IN_USE -> HTTP 201"
"C02","CLAIM","PASS","CLAIM clears project + current ISSUE assignment."
"C03","CLAIM","PASS","CLAIM clears responsible/expected-return assignment snapshots."
"C04","CLAIM","PASS","CLAIM_RETURN H -> HTTP 201"
"J12","PROJECT","PASS","Close used project after active assignments are cleared -> HTTP 200"
"J13","PROJECT","PASS","CLOSED project cannot be selected for new ISSUE -> HTTP 404, code=PROJECT_NOT_FOUND"
"J14","PROJECT","PASS","Reopen used project -> HTTP 200"
"O15","OPERATIONS","PASS","Bulk ISSUE E + F -> HTTP 201"
"O16","OPERATIONS","PASS","Bulk ISSUE assigns one shared ISSUE operation to both assets."
"O17","OPERATIONS","PASS","MOVE F while IN_USE -> HTTP 201"
"O18","OPERATIONS","PASS","MOVE changes location but preserves IN_USE + ISSUE assignment."
"O19","OPERATIONS","PASS","Partial RETURN E from shared ISSUE -> HTTP 201"
"O20","OPERATIONS","PASS","Partial RETURN clears E and preserves F assignment."
"O21","OPERATIONS","PASS","Return remaining F from original shared ISSUE -> HTTP 201"
"O22","OPERATIONS","PASS","ISSUE G after project reopen -> HTTP 201"
"O23","OPERATIONS","PASS","Legacy direct RETURN endpoint is blocked -> HTTP 409, code=USE_OPERATION_WORKFLOW"
"O24","OPERATIONS","PASS","RETURN G through operation workflow -> HTTP 201"
"O25","OPERATIONS","PASS","MOVE G while IN_STOCK -> HTTP 201"
"O26","OPERATIONS","PASS","MOVE preserves IN_STOCK status."
"J15","PROJECT","PASS","Used project cannot be hard-deleted -> HTTP 409, code=PROJECT_IN_USE"
"C05","CLAIM","PASS","CLAIM B from IN_STOCK -> HTTP 201"
"C06","CLAIM","PASS","Repeat CLAIM B is rejected -> HTTP 409, code=INVALID_INVENTORY_STATE"
"C07","CLAIM","PASS","CLAIM_RETURN B -> HTTP 201"
"C08","CLAIM","PASS","Movement history preserves separate CLAIM and CLAIM_RETURN events."
"X01","REPLACEMENT","PASS","CLAIM C before replacement -> HTTP 201"
"X02","REPLACEMENT","PASS","Replace claimed C with new physical asset -> HTTP 201"
"X03","REPLACEMENT","PASS","Old asset=REPLACED and replacement asset=IN_STOCK."
"X04","REPLACEMENT","PASS","REPLACED movement links old asset to replacement asset."
"X05","REPLACEMENT","PASS","MOVE on REPLACED asset is rejected -> HTTP 409, code=INVALID_INVENTORY_STATE"
"D01","RETIRE","PASS","RETIRE D from IN_STOCK -> HTTP 201"
"D02","RETIRE","PASS","D is RETIRED."
"D03","RETIRE","PASS","MOVE on RETIRED asset is rejected -> HTTP 409, code=INVALID_INVENTORY_STATE"
"D04","RETIRE","PASS","RETIRE already RETIRED asset is rejected -> HTTP 409, code=INVALID_INVENTORY_STATE"
"CONC01","CONCURRENCY","PASS","Concurrent ISSUE produced one winner and one rejection -> HTTP 409/201"
"CONC02","CONCURRENCY","PASS","Race asset has exactly one active ISSUE assignment after concurrent requests."
"D05","RETIRE","PASS","RETIRE RACE directly from IN_USE -> HTTP 201"
"D06","RETIRE","PASS","RETIRE from IN_USE clears all active assignment fields."
"J16","PROJECT","PASS","Final close of used project after lifecycle completion -> HTTP 200"
"V01","VIEWER","PASS","Public asset detail is available without login -> HTTP 200"
"V02","VIEWER","PASS","Public Viewer masks serial number."
"V03","VIEWER","PASS","Public asset history exposes read-only lifecycle history."
"V04","VIEWER","PASS","Public asset endpoint rejects POST -> HTTP 405, code=PUBLIC_VIEWER_READ_ONLY"
"V05","VIEWER","PASS","Public summary remains readable after lifecycle mutations -> HTTP 200"
"DB01","DATABASE","PASS","No QA asset is unintentionally left IN_USE."
"DB02","DATABASE","PASS","No non-IN_USE QA asset retains current_issue_operation_id."
"DB03","DATABASE","PASS","No completed QA lifecycle leaves current_project_id on non-IN_USE assets."
"DB04","DATABASE","PASS","No orphan stock_movements exist."
"DB05","DATABASE","PASS","QA source_operation_id is used only by RETURN operations."
"DB06","DATABASE","PASS","Every QA physical asset has RECEIVE history."
"DB07","DATABASE","PASS","No duplicate QA serial numbers exist."
"DB08","DATABASE","PASS","Grouped operation history persisted (13 QA operation rows)."
"A16","AUTH","PASS","Admin /me remains valid after full runtime suite -> HTTP 200"
"A17","RBAC","PASS","Deactivate temporary Operator -> HTTP 200"
"A18","RBAC","PASS","Deactivated Operator session is rejected -> HTTP 401, code=AUTH_REQUIRED"
"A19","RBAC","PASS","Deactivate temporary Viewer -> HTTP 200"
"A20","RBAC","PASS","Deactivated Viewer session is rejected -> HTTP 401, code=AUTH_REQUIRED"
"G01","QUALITY","PASS","Backend node --check passed."
"G02","QUALITY","PASS","Frontend lint passed."
"G03","QUALITY","PASS","Frontend build passed."
"G04","QUALITY","PASS","git diff --check passed."
"A21","AUTH","PASS","Admin logout -> HTTP 200"
"A22","AUTH","PASS","Logged-out /api/auth/me is unauthorized -> HTTP 401, code=AUTH_REQUIRED"
"CL01","CLEANUP","PASS","QA business records cleaned up successfully."
