"Test","Status","Message"
"P01","PASS","/api/health reachable"
"P02","PASS","/api/db-health reachable"
"P03","PASS","create operation endpoint=/api/operations"
"P04","PASS","validation endpoint=/api/operations/validate"
"P05","PASS","DB backup=C:\Users\artid\Desktop\product-manager-scanner\db-backups\pre-lifecycle-regression-20260924-142532.dump"
"R01-A","PASS","status=IN_STOCK, location=QA-WAREHOUSE-A, issueOp=NULL"
"R01-B","PASS","status=IN_STOCK, location=QA-WAREHOUSE-A, issueOp=NULL"
"R01-C","PASS","status=IN_STOCK, location=QA-WAREHOUSE-A, issueOp=NULL"
"R01-Claim","PASS","status=IN_STOCK, location=QA-WAREHOUSE-A, issueOp=NULL"
"R01-Cross","PASS","status=IN_STOCK, location=QA-WAREHOUSE-A, issueOp=NULL"
"R01-Replace","PASS","status=IN_STOCK, location=QA-WAREHOUSE-A, issueOp=NULL"
"R01-Retire","PASS","status=IN_STOCK, location=QA-WAREHOUSE-A, issueOp=NULL"
"R01-Race","PASS","status=IN_STOCK, location=QA-WAREHOUSE-A, issueOp=NULL"
"R02","PASS","duplicate serial rejected; HTTP=409"
"M01","PASS","status=IN_STOCK, location=QA-WAREHOUSE-B, issueOp=NULL"
"C01","PASS","status=CLAIM, location=QA-SERVICE-A, issueOp=NULL"
"C04","PASS","status=CLAIM, location=QA-SERVICE-B, issueOp=NULL"
"C05","PASS","status=IN_STOCK, location=QA-WAREHOUSE-A, issueOp=NULL"
"C06","PASS","status=IN_STOCK, location=QA-WAREHOUSE-A, issueOp=NULL"
"I02","PASS","operation=18, 2 assets, 2 movements, shared assignment"
"I04","PASS","same clientRequestId produced no duplicate rows; retry HTTP=200"
"T02","PASS","partial RETURN cleared A and preserved B assignment"
"T03","PASS","old ISSUE rejected; current ISSUE=21; HTTP=409"
"I03","PASS","mixed-state ISSUE rejected atomically; HTTP=409"
"DTE01","PASS","invalid date rejected as client error HTTP=400"
"MIX-MOVE","PASS","MOVE changed location and preserved both statuses"
"XMODEL-CLAIM","PASS","CLAIM cleared active ISSUE assignment"
"XMODEL-CLAIM-RETURN","PASS","status=IN_STOCK, location=QA-WAREHOUSE-A, issueOp=NULL"
"X01","PASS","old=REPLACED, new=QA-REG-20260924142532-499-REPLACEMENT-NEW=IN_STOCK, related link present"
"X03","PASS","MOVE on REPLACED rejected; HTTP=409"
"D01","PASS","status=RETIRED, location=QA-RETIRED, issueOp=NULL"
"D04","PASS","MOVE on RETIRED rejected; HTTP=409"
"D02","PASS","RETIRE from IN_USE cleared active ISSUE assignment"
"CONC01","PASS","one winner, one rejection; HTTP=201/409"
"HIST01","PASS","QA movement history rows exist"
"G01","PASS","frontend lint"
"G02","PASS","frontend build"
"G03","PASS","backend node --check"
"G04","PASS","git diff --check"
